-- MySQL dump 10.13  Distrib 5.5.51, for Linux (x86_64)
--
-- Host: byteusdb.cfefapfq55qu.us-west-2.rds.amazonaws.com    Database: byteus
-- ------------------------------------------------------
-- Server version	5.6.27-log

/*!40101 SET @OLD_CHARACTER_SET_CLIENT=@@CHARACTER_SET_CLIENT */;
/*!40101 SET @OLD_CHARACTER_SET_RESULTS=@@CHARACTER_SET_RESULTS */;
/*!40101 SET @OLD_COLLATION_CONNECTION=@@COLLATION_CONNECTION */;
/*!40101 SET NAMES utf8 */;
/*!40103 SET @OLD_TIME_ZONE=@@TIME_ZONE */;
/*!40103 SET TIME_ZONE='+00:00' */;
/*!40014 SET @OLD_UNIQUE_CHECKS=@@UNIQUE_CHECKS, UNIQUE_CHECKS=0 */;
/*!40014 SET @OLD_FOREIGN_KEY_CHECKS=@@FOREIGN_KEY_CHECKS, FOREIGN_KEY_CHECKS=0 */;
/*!40101 SET @OLD_SQL_MODE=@@SQL_MODE, SQL_MODE='NO_AUTO_VALUE_ON_ZERO' */;
/*!40111 SET @OLD_SQL_NOTES=@@SQL_NOTES, SQL_NOTES=0 */;

--
-- Current Database: `byteus`
--

CREATE DATABASE /*!32312 IF NOT EXISTS*/ `byteus` /*!40100 DEFAULT CHARACTER SET latin1 */;

USE `byteus`;

--
-- Table structure for table `faculty_info`
--

DROP TABLE IF EXISTS `faculty_info`;
/*!40101 SET @saved_cs_client     = @@character_set_client */;
/*!40101 SET character_set_client = utf8 */;
CREATE TABLE `faculty_info` (
  `id` int(11) NOT NULL AUTO_INCREMENT,
  `name` varchar(255) DEFAULT NULL,
  `phone` varchar(255) DEFAULT NULL,
  `email` varchar(255) DEFAULT NULL,
  `faculty_department` varchar(255) DEFAULT NULL,
  `edc` varchar(255) DEFAULT NULL,
  `secondary_name` varchar(255) DEFAULT NULL,
  `secondary_phone` varchar(255) DEFAULT NULL,
  `secondary_email` varchar(255) DEFAULT NULL,
  `secondary_faculty_department` varchar(255) DEFAULT NULL,
  `post_doc_name` varchar(255) DEFAULT NULL,
  `post_doc_phone` varchar(255) DEFAULT NULL,
  `post_doc_email` varchar(255) DEFAULT NULL,
  `supervised_past` varchar(255) DEFAULT NULL,
  `specific_students1` varchar(255) DEFAULT NULL,
  `specific_students2` varchar(255) DEFAULT NULL,
  `specific_students3` varchar(255) DEFAULT NULL,
  `created_at` datetime NOT NULL,
  `updated_at` datetime NOT NULL,
  `deleted_at` datetime DEFAULT NULL,
  PRIMARY KEY (`id`)
) ENGINE=InnoDB AUTO_INCREMENT=37 DEFAULT CHARSET=latin1;
/*!40101 SET character_set_client = @saved_cs_client */;

--
-- Dumping data for table `faculty_info`
--

LOCK TABLES `faculty_info` WRITE;
/*!40000 ALTER TABLE `faculty_info` DISABLE KEYS */;
INSERT INTO `faculty_info` VALUES (4,'Stephen Becker','3034920662','stephen.becker@colorado.edu','AM','No','','','',NULL,'','','','No','','','','2016-11-09 07:34:53','2016-11-09 07:34:53',NULL),(5,'Yu-Jui Huang','1231231234','jayhuang0512@gmail.com','AM','No','','','',NULL,'','','','No','','','','2016-11-09 07:36:45','2016-11-09 07:36:45',NULL),(6,'Yu-Jui Huang','1231231234','jayhuang0512@gmail.com','AM','No','','','',NULL,'','','','No','','','','2016-11-09 07:38:24','2016-11-09 07:38:24',NULL),(7,'Zachary Kilpatrick','3034924668','Zpkilpat@Colorado.Edu','AM','No','','','',NULL,'','','','No','','','','2016-11-09 07:40:38','2016-11-09 07:40:38',NULL),(8,'Zachary Kilpatrick','3034924668','Zpkilpat@Colorado.Edu','AM','No','','','',NULL,'','','','No','','','','2016-11-09 07:42:12','2016-11-09 07:42:12',NULL),(9,'Nisar Ahmed','3034920286','Nisar.Ahmed@colorado.edu','AM','No','Dr. (CS)','','',NULL,'Jay McMahon','3034923944','mcmahojw@colorado.edu','No','','','','2016-11-09 07:43:45','2016-11-09 07:43:45',NULL),(10,'Nisar Ahmed','3034920286','Nisar.Ahmed@colorado.edu','AES','No','','','',NULL,'','','','No','','','','2016-11-09 07:46:58','2016-11-09 07:46:58',NULL),(11,'Dennis Akos','3037352987','dma@colorado.edu','AES','No','','','',NULL,'','','','No','','','','2016-11-09 07:48:16','2016-11-09 07:48:16',NULL),(12,'Penina Axelrad','3034928183','penina.axelrad@colorado.edu','AES','No','','','',NULL,'','','','No','','','','2016-11-09 07:49:41','2016-11-09 07:49:41',NULL),(13,'Xinzhao Chu','3034923280','xinzhao.chu@colorado.edu','AES','No','Dr. Lu','3034920655','xian.lu@colorado.edu','AES','','','','No','','','','2016-11-09 07:52:27','2016-11-09 07:52:27',NULL),(14,'Torin Clark','3034924015','torin.clark@colorado.edu','AES','No','','','',NULL,'','','','No','','','','2016-11-09 07:53:41','2016-11-09 07:53:41',NULL),(15,'Torin Clark','3034924015','torin.clark@colorado.edu','AES','No','','','',NULL,'','','','No','','','','2016-11-09 07:54:59','2016-11-09 07:54:59',NULL),(16,'Torin Clark','3034924015','torin.clark@colorado.edu','AES','No','','','',NULL,'','','','No','','','','2016-11-09 08:20:00','2016-11-09 08:20:00',NULL),(17,'John Evans','1231231234','john.a.evans@colorado.edu','AES','No','','','',NULL,'','','','No','','','','2016-11-09 08:21:14','2016-11-09 08:21:14',NULL),(18,'John Farnsworth','3037357287','john.farnsworth@colorado.edu','AES','No','Ethan Culler','1234564567','ethan.culler@colorado.edu','AES','','','','No','','','','2016-11-09 08:22:38','2016-11-09 08:22:38',NULL),(19,'John Farnsworth','3037357287','john.farnsworth@colorado.edu','AES','No','Joseph Straccia','1234564567','joseph.straccia@colorado.edu','AES','','','','No','','','','2016-11-09 08:23:56','2016-11-09 08:23:56',NULL),(20,'Jeffrey Forbes','3037350551','forbes@colorado.edu','AES','No','Reham Elhawary','1234564567','Reham.Elhawary@colorado.edu','AES','Xiaoli Zhang','3034922497','xiaoli.zhang@colorado.edu','No','','','','2016-11-09 08:25:37','2016-11-09 08:25:37',NULL),(21,'Robert Marshall','3034924075','robert.marshall@colorado.edu','AES','No','','','',NULL,'','','','No','','','','2016-11-09 08:26:38','2016-11-09 08:26:38',NULL),(22,'Dallas Masters','1231231234','dallas.masters@colorado.edu','AES','No','','','',NULL,'R. Nerem','','nerem@colorado.edu','No','','','','2016-11-09 08:28:11','2016-11-09 08:28:11',NULL),(23,'Dallas Masters','7202358643','dallas.masters@colorado.edu','AES','No','','','',NULL,'R. Nerem','','nerem@colorado.edu','No','','','','2016-11-09 08:29:39','2016-11-09 08:29:39',NULL),(24,'Scott Palo','3034924289','palo@colorado.edu','AES','No','','','',NULL,'','','','No','','','','2016-11-09 08:31:05','2016-11-09 08:31:05',NULL),(25,'Scott Palo','3034924289','palo@colorado.edu','AES','No','','','',NULL,'','','','No','','','','2016-11-09 08:32:21','2016-11-09 08:32:21',NULL),(26,'Scott Palo','3034924289','palo@colorado.edu','AES','No','','','',NULL,'','','','No','','','','2016-11-09 08:33:27','2016-11-09 08:33:27',NULL),(27,'Hanspeter Schaub','3034932767','hanspeter.schaub@colorado.edu','AES','No','Mar Margenete','1234564567','maria.colsmargenet@colorado.edu','AES','','','','No','','','','2016-11-09 08:36:23','2016-11-09 08:36:23',NULL),(28,'Hanspeter Schaub','3034922767','hanspeter.schaub@colorado.edu','AES','No','Cody Allard','1234564567','coal6624@colorado.edu','AES','','','','No','','','','2016-11-09 08:37:57','2016-11-09 08:37:57',NULL),(29,'Kristi Anseth','1231231234','Kristi.Anseth@colorado.edu','C&BE','No','Jason Silver','5109196812','Jason.silver@ucdenver.edu','C&BE','','','','No','','','','2016-11-09 08:40:12','2016-11-09 08:40:12',NULL),(30,'Kristi Anseth','3034923147','kristi.anseth@colorado.edu','C&BE','No','Hao Ma','3038876887','hao.ma@colorado.edu','C&BE','','','','No','','','','2016-11-09 08:41:42','2016-11-09 08:41:42',NULL),(31,'Adam Holewinski','1231231234','adam.holewinski@colorado.edu','C&BE','No','','','',NULL,'','','','No','','','','2016-11-09 08:43:05','2016-11-09 08:43:05',NULL),(32,'Alan Weiemr','3034923759','alan.weimer@colorado.edu','C&BE','No','Samantha Miller','1234564567','samantha.l.miller@colorado.edu','C&BE','','','','No','','','','2016-11-09 08:44:51','2016-11-09 08:44:51',NULL),(33,'Alan Weimer','3034923759','alan.weimer@colorado.edu','C&BE','No','Christopher Bartel','1234564567','christopher.bartel@colorado.edu','C&BE','','','','No','','','','2016-11-09 08:46:08','2016-11-09 08:46:08',NULL),(34,'Abhimanyu Ambastha','7205198954','abhip310@gmail.com','Environmental Engineering','Yes','','7205198954','',NULL,'','','','Yes','','','','2016-11-19 01:33:17','2016-11-19 01:33:17',NULL),(35,'Jessie Batson','1234644544','jessie.batson@colorado.edu','Applied Mathematics','Yes','','','',NULL,'','','','No','','','','2016-11-19 04:47:04','2016-11-19 04:50:28',NULL),(36,'Jane Doe','','',NULL,NULL,'','','',NULL,'','','',NULL,'','','','2016-12-01 18:40:35','2016-12-01 18:40:35',NULL);
/*!40000 ALTER TABLE `faculty_info` ENABLE KEYS */;
UNLOCK TABLES;

--
-- Table structure for table `projects`
--

DROP TABLE IF EXISTS `projects`;
/*!40101 SET @saved_cs_client     = @@character_set_client */;
/*!40101 SET character_set_client = utf8 */;
CREATE TABLE `projects` (
  `id` int(11) NOT NULL AUTO_INCREMENT,
  `description` text,
  `url` varchar(255) DEFAULT NULL,
  `requirements1` text,
  `requirements2` text,
  `requirements3` text,
  `requirements4` text,
  `requirements5` text,
  `longdescription` text,
  `areas` varchar(255) DEFAULT NULL,
  `supervision_req` varchar(255) DEFAULT NULL,
  `supervision_provided` varchar(255) DEFAULT NULL,
  `nature_of_work` varchar(255) DEFAULT NULL,
  `nature_of_work_other` varchar(255) DEFAULT NULL,
  `prior_work` varchar(255) DEFAULT NULL,
  `prior_work_other` varchar(255) DEFAULT NULL,
  `match_of_funding` varchar(255) DEFAULT NULL,
  `not_sure` varchar(255) DEFAULT NULL,
  `contact` varchar(255) DEFAULT NULL,
  `submitted` varchar(255) DEFAULT 'No',
  `created_at` datetime NOT NULL,
  `updated_at` datetime NOT NULL,
  `deleted_at` datetime DEFAULT NULL,
  `faculty_id` int(11) DEFAULT NULL,
  `user_id` int(11) DEFAULT NULL,
  PRIMARY KEY (`id`),
  KEY `faculty_id` (`faculty_id`),
  KEY `user_id` (`user_id`),
  CONSTRAINT `projects_ibfk_1` FOREIGN KEY (`faculty_id`) REFERENCES `faculty_info` (`id`) ON DELETE CASCADE ON UPDATE CASCADE,
  CONSTRAINT `projects_ibfk_2` FOREIGN KEY (`user_id`) REFERENCES `users` (`id`) ON DELETE CASCADE ON UPDATE CASCADE
) ENGINE=InnoDB AUTO_INCREMENT=37 DEFAULT CHARSET=latin1;
/*!40101 SET character_set_client = @saved_cs_client */;

--
-- Dumping data for table `projects`
--

LOCK TABLES `projects` WRITE;
/*!40000 ALTER TABLE `projects` DISABLE KEYS */;
INSERT INTO `projects` VALUES (4,'Machine Learning for earthquake prediction','','Must have taken a machine learning course.','','','','','Earthquake prediction is one of the top remaining unsolved problems in geoscience and statistics. While we can predict the weather better and better every year, earthquake prediction has not significantly improved but is obviously of critical importance. This exploratory project plans to apply modern machine learning (ML) techniques (e.g., deep neural nets) to seismic datasets in an effort to evaluate if ML is useful for earthquake prediction; a handful of papers beginning around 2011 have shown some results. In partnership with NVIDIA, our research group has a Tesla K40 GPU, and we plan to run the neural nets using NVIDA cuDNN within a standard ML framework such as Caffe or Theano or Torch. Students must be comfortable with programming and have taken at least one machine learning course, as well as finding and using relevant datasets.','mathematics','Little','Faculty','ComputerRelated','','None','',NULL,'Yes','abc','Yes','2016-11-09 07:34:53','2016-11-09 07:34:53',NULL,4,1),(5,'Merton’s Problem with Human Capital Investment','https://sites.google.com/a/dcu.ie/yu-jui-huang/','None','','','','','The amount of student debt in the US has surpassed $1.3 trillion, and it grows faster than any other form of household debt. The striking fact is the non-existence of a theoretic model of the behavior of a student borrower. As a result, the government has little scientific base for making justifiable measures to manage the student loan problem. This project is the first step toward establishing a reliable model of the strategic behavior of student borrowers. Specifically, the standard Merton’s problem studies how an individual allocates his/her wealth among consumption (which yields immediate satisfaction) and investment in stocks (which generates future cash proceeds). In our model, an individual has an additional investment opportunity: education. The more one spends in education, the higher (yet still stochastic) income stream one will get in the future. Our goal is to use dynamic programming to find the optimal levels of consumption, stocks investment, and education, for a typical individual in our society.','mathematics','Moderate','Faculty','Theoretical','','None','',NULL,'Yes','abc','Yes','2016-11-09 07:36:45','2016-11-09 07:36:45',NULL,5,1),(6,'Stochastic Modeling of Aging, Healthcare, and Medical Technology','https://sites.google.com/a/dcu.ie/yu-jui-huang','None.','','','','','It is a common belief that healthcare slows down the aging process of human beings. Exactly how this happens over one’s lifetime, however, has not been quantitatively studied in the literature. In this project, we add “healthcare spending” and “medical technology function” to the classical Gompertz’ model of aging. We intend to analyze how an individual allocates his/her wealth over lifetime among consumption (which yields immediate satisfaction) and healthcare (which leads to longer lifetime). Specifically, our goals are two-fold. First, we will employ techniques of optimal stochastic control to derive a Hamilton-Jacobi equation, from which we can find the optimal healthcare spending process for a typical human being over his/her lifetime. Second, we will calibrate our model to historical data of mortality rates and life expectancies, in order to understand how the “medical technology function” evolves over time. These results can be very instrumental to policy-makers in establishing a sustainable health insurance system for generations to come.','mathematics','Moderate','Faculty','Theoretical','','None','',NULL,'Yes','abc','Yes','2016-11-09 07:38:24','2016-11-09 07:38:24',NULL,6,1),(7,'Collective decision-making in changing environments.','','Completed courses in differential equations and linear algebra with A/B+. Preferably a background in probability, partial differential equations, and an APPM Mathematical Modeling course. ','We will meet once a week for one hour. Student will be expected to work 5-10 hours a week on their own.','','','','Organisms often make decisions in changing environments. For instance, an animal may hunt for food in areas where several others are foraging simultaneously, altering the best spots to feed. In such cases, individuals and groups should employ decision-making strategies where old evidence is weighted less than newer information. For example, ants respond to overcrowded foraging routes by reducing the deposition of pheromone, pushing others to less crowded routes. Thus, there may be benefits to forgetting old information, since it makes organisms more flexible to changing environmental conditions. In this project, we will explore optimal group strategies for decision making in changing environments. A chief focus will be how decision making accuracy is impacted by the rate at which the group forgets old information. In the case of an ant colony, this would be the rate at which deposited pheromone evaporates. We hypothesize that this rate should increase as the rate of environmental change increases. Methods in scientific computation, probability, and dynamical systems will be learned and utilized to uncover answers to project questions.','mathematics','Moderate','Faculty','Theoretical','','Some','',NULL,'Yes','abc','Yes','2016-11-09 07:40:38','2016-11-09 07:40:38',NULL,7,2),(8,'How to organize a search party — optimal search strategies of multi-agent groups','','Completed courses in differential equations and linear algebra with A/B+. Preferably a background in probability, partial differential equations, and an APPM Mathematical Modeling course.','We will meet once a week for one hour. Student will be expected to work 5-10 hours a week on their own.','','','','Organisms frequently must search to find targets whose position is unknown to them. For example, animals search for food or mates in ways that aim to maximize speed and minimize energy expenditure. In addition, the dynamics of biomolecules can be modeled as a search process. Regardless of the context of searches, it is often desirable to minimize the time needed to find the target, as a measure of search efficiency. In this project, we will study mathematical models describing groups of agents searching for hidden targets. Importantly, the agents can communicate with another in simple ways, such as indicating how long they have been searching in a certain region and if they have found a target yet. By analyzing the equations that describe this process, we will determine how agents’ weighting of their neighbors’ information impacts their time to find the target. In this way, we can identify optimal strategies that minimize the time to find all the targets. Methods in scientific computation, nonlinear dynamics, and stochastic processes will all be learned and utilized to uncover answers to project questions.','mathematics','Moderate','Faculty','Theoretical','','Some','',NULL,'Yes','abc','Yes','2016-11-09 07:42:12','2016-11-09 07:42:12',NULL,8,2),(9,'Autonomous Robotic Planetary Exploration Simulator','','Familiarity with Gazebo/ROS programming in a Linux environment is required. GUI design experience also highly desirable.','','','','','Future missions to distant moons and planets in the solar system will require fully autonomous exploration vehicles. These vehicles must be capable of performing onboard sensing, perception, planning and control with little or no human intervention, especially given extreme time delays. However, these vehicles must still be able to interact at a high level with human supervisors and scientists in remote stations or on Earth to provide meaningful scientific data, as well as receive high-level guidance to recognize adverse/opportune exploration conditions. Design and testing of such systems is thus very challenging. To address this, this work will develop a robotics simulation testbed for a remote exploration environment (Europa) using the open-source Gazebo framework for robotics. The main focus will be on identification and development of (i) suitable software tools for creating realistic possible terrain models of the Europa environment, and (ii) physics models for a “hopper” exploration vehicle equipped with basic lidar/vision sensors. The results will be used to build a software-based test framework for autonomous planning, perception, GNC and human-robot interaction algorithms.','mathematics','Large','Combo','ComputerRelated','','Some','',NULL,'Yes','abc','Yes','2016-11-09 07:43:45','2016-11-09 07:43:45',NULL,9,2),(10,'Auditory pattern learning and recognition for autonomous robotic perception','','Familiarity with basic acoustic signal processing, hardware design, and basic ROS/Python programming are required','','','','','Familiarity with basic acoustic signal processing, hardware design, and basic ROS/Python programming are required','aerospace','Moderate','Combo','Combo','','Some','',NULL,'Yes','abc','Yes','2016-11-09 07:46:58','2016-11-09 07:46:58',NULL,10,3),(11,'GPS/GNSS Receiver Design/Development for Space Applications','','Programming experience in Matlab and C, ideally in the Linux environment.','','','','','Developing a GPS/GNSS instrument for launch to LEO in 2017. Working with Xilinx Zynq FPGA. Effort covers all aspects of the instrument development from the radio design, signal processing, data messaging and communication. Opportunity (but not required) to initiate efforts during summer 2016 Please contact Dennis Akos (dma@colorado.edu) for more details. Thanks!','aerospace','Moderate','Faculty','Experimental','','Some','',NULL,'Yes','abc','Yes','2016-11-09 07:48:16','2016-11-09 07:48:16',NULL,11,1),(12,'Visualizing GNSS remote sensing observations using datashading.','','Must have completed ASEN3200 and ASEN3300 and be skilled in python.','','','','','Global navigation satellite systems (GNSS) including the U.S. Global Positioning System (GPS) cover the Earth continuously with L-Band signals to enable 3D positioning anywhere and anytime. These signals are also being used to study Earth’s atmospheric and surface conditions using radio occultation and reflectometry techniques (GNSS-RO and GNSS-R). GNSS observations from thousands of ground stations, and dozens of orbiting satellites and airborne platforms are freely available on the internet, providing a wealth of data to be mined for these scientific studies. My group has been studying GNSS-R measurements for ocean altimetry and other applications. We need an easy to use tool to explore and display these data to aid in our analysis. I am looking for an aerospace student who has knowledge of and interest in satellite orbits and GPS/GNSS, and the programming skills to work with open source tools including bokeh and datashading. Approaches for parallelization of our algorithms are also of interest. Here is a link to the video that gave me the idea for this project: https://continuum-analytics.wistia.com/medias/8zu9idwoym.','aerospace','Moderate','Combo','ComputerRelated','','None','',NULL,'Yes','abc','Yes','2016-11-09 07:49:41','2016-11-09 07:49:41',NULL,12,3),(13,'Exploring atmospheric gravity waves with LIDAR and high-resolution models.','http://cires1.colorado.edu/science/groups/chu/','Require MatLab coding skills','Require some experience with data or signal processing; ','Require basic training in college-level physics;','Require basic training in engineering skills; ','Prefer the student to work in several blocks of 3-5 hours.','Mesoscale gravity waves (GWs) with horizontal scale of 50-500 km play important roles in the momentum budget and thermal structure and significantly affect local weather patterns. The STAR Na Doppler lidar and the high-resolution general circulation model (WACCM) provide new opportunities to investigate these GWs with unprecedented capabilities. A novel wave analysis method using the 2D wavelet transform developed by Chu Group can identify coherent wave packets in both temporal and vertical domains, providing a powerful way to identify waves in lidar and model data so facilitating the validation of high-resolution WACCM with observations. This project will 1) statistically derive wave characteristics in the lidar data and model, 2) perform thorough comparisons and validation, and 3) use a Ray-tracing model with backgrounds provided by WACCM to study the wave sources. Upon the closure of this project, we anticipate to obtaining a better understanding of the wave characteristics, impacts, and sources. The DLA student will have opportunities to see and run the STAR lidar at Table Mountain Lidar Observatory, north of Boulder.','aerospace','Moderate','Combo','Combo','','Some','',NULL,'Yes','abc','Yes','2016-11-09 07:52:27','2016-11-09 07:52:27',NULL,13,1),(14,'Adaptation of Human Orientation Perception to Altered Gravity','http://www.colorado.edu/faculty/clark-torin/research-projects','None','','','','','In space exploration missions, astronauts are exposed a series of gravity transitions (1 Earth G before launch, greater than 1 G or hyper-gravity during launch, microgravity while on orbit or in transit, and partially gravity if landing on the moon or in the future on Mars). These gravity transitions cause decrements in balance, locomotion, motor control, and orientation perception. However, all or nearly all astronauts eventually adapt, presumably through the brain reinterpreting altered sensory cues. Using a centrifuge or other motion devices and performing human subject experiments, we aim to study these sensory “adaptations”. Responsibilities will include developing hardware and software for our motion devices, testing them for safety, performing human subject experiments, and analyzing data.','aerospace','Moderate','Combo','Experimental','','Some','',NULL,'Yes','abc','Yes','2016-11-09 07:53:41','2016-11-09 07:53:41',NULL,14,2),(15,'Human-Automation Interaction for Space Exploration Missions','http://www.colorado.edu/faculty/clark-torin/research-projects','None','','','','','Crewed space exploration missions will involve humans (astronauts) interacting with complex, automated systems. For example, during future crewed planetary landings (e.g. on the moon or Mars) astronauts will be required to supervise automated landing programs and intervene by transitioning to a pilot manual control mode, if necessary. We study the performance of human-automation systems by performing human subject experiments in our HL-20 spacecraft cockpit simulator. We measure human responses, such as workload and situational awareness, as well a overall system performance to optimize advance display concepts, control modes, and interfaces. Responsibilities will include developing hardware and software for experiments, performing human subject testing, and analyzing data.','aerospace','Moderate','Combo','Experimental','','Some','',NULL,'Yes','abc','Yes','2016-11-09 07:54:59','2016-11-09 07:54:59',NULL,15,1),(16,'A ground-based analog for astronaut spaceflight sensorimotor deconditioning','http://www.colorado.edu/faculty/clark-torin/research-projects','None','','','','','When astronauts return to Earth from extended exposure to microgravity they experience substantial sensorimotor/neurovestibular deconditioning. This results in decrements in balance, locomotion, motor control, and orientation perception. Specifically, when returning astronauts tilt their heads they often become very disoriented and perceive they are translating. To further investigate this phenomenon, we are developing a ground-based analog. We restrain subject’s head movements using a motorized wheelchair device to reproduce some of the similar motion patterns experienced in space. We then test their perception of orientation and motion using a human-rated motion device that can tilt and translate. Responsibilities will include developing hardware and software for our wheelchair device and motion devices, testing them for safety, performing human subject experiments, and analyzing data.','aerospace','Moderate','Combo','Experimental','','None','',NULL,'Yes','abc','Yes','2016-11-09 08:20:00','2016-11-09 08:20:00',NULL,16,2),(17,'Optimal Design of Airfoils for Aerodynamic Performance','','The ideal applicant would be familiar with aerodynamics and partial differential equations as well as C/C++. Familiarity with numerical methods is also a plus.','','','','','In this apprenticeship, the student will explore a new methodology for optimal airfoil design based on the emerging computational framework of isogeometric analysis. In optimal airfoil design, one seeks to find the airfoil geometry which yields maximum aerodynamic performance as measured by, for example, lift over drag for a particular range of angles of attack. In order to find such a geometry, one must assess the performance of several candidate designs by running complex Computational Fluid Dynamics (CFD) simulations. This process is often inefficient, as one must continually iterate between the disparate worlds of Computer Aided Design (CAD) and Computer Aided Engineering (CAE). In isogeometric analysis, the CAD geometry is directly employed in CAE, providing a bridge between these disparate worlds and enabling efficient and streamlined design space optimization. In this apprenticeship, the student will aid in the design, analysis, and implementation of the proposed methodology in the C/C++ programming language as well as develop tools to incorporate the methodology into a modern CAD package.','aerospace','Moderate','Combo','Combo','','Some','',NULL,'Yes','abc','Yes','2016-11-09 08:21:14','2016-11-09 08:21:14',NULL,17,2),(18,'Full-Field Particle Image Velocimetry Measurements on a Fluttering Wing','','Students must have taken ASEN-2002: \"Introduction to Thermodynamics and Aerodynamics\"','','','','','The undergraduate DLA student will work directly with a Graduate Research Advisor(GRA) conducting particle image velocimetry (PIV) measurements of a dynamically pitching, flexible wing in the CU low-speed reseearch wind tunnel. The DLA student will assist in experimental setup, data acquisition, and data analysis. The student will significantly contribute to the design, development, and implementation of a new optical system to allow for full-field illumination of the wing surface in the wind tunnel, such that PIV data can be collected on both the suction an pressure (top and bottom) surfaces of the wing.','aerospace','Large','Combo','Experimental','','Some','',NULL,'Yes','abc','Yes','2016-11-09 08:22:38','2016-11-09 08:22:38',NULL,18,2),(19,'Smoke Rake Visualization System for the CU Low-Speed Research Wind Tunnel','','Students must have taken ASEN2002:\"Introduction to Thermodynamics and Aerodynamics\"','','','','','The undergraduate DLA student will work directly with a Graduate Research Advisor (GRA) to design, develop, and implement a new smoke rake visualization system for the CU Low-Speed Research Wind Tunnel. The system will allow for the visualization of both steady and unsteady streaklines in the wind tunnel at low-speeds enhancing the current capabilities of the facility. Finally, the smoke rake system will be validated in the wind tunnel through photographing the wakes of various aerodynamic objects and bodies including: (1) a circular cylinder, (2) a static airfoil, and (3) a fluttering (pitching) airfoil/wing surface.',NULL,'Moderate','Combo','Experimental','','None','',NULL,'Yes','abc','Yes','2016-11-09 08:23:56','2016-11-09 08:23:56',NULL,19,3),(20,'Atmospheric Waves','http://spot.colorado.edu/~forbes/Home.html','Good programming and data analysis skills','','','','','Partly due to the rotation and sphericity of the Earth but also its vertical stratification, Earth\'s atmosphere is rich with a variety of global-scale wave motions. Because of their periodicity, atmospheric waves can often easily be retrieved from observations. The study of atmospheric wave signatures can often inform us about properties of the atmosphere that determine the excitation and propagation characteristics of the waves, including long-term trends related to global climate variability. This project will involve the analysis of large observational data sets that provide global and long-term perspectives on atmosphere variability, with a focus on measuring and interpreting the variability of various wave signals in these data. This type of research involves applying signal processing and statistical methods to the observational data, and requires reading journal papers to aid in understanding the scientific context of the data analysis, and to interpret the data analysis in terms of providing an elevated understanding of the atmospheric system. This is a SCIENCE project, not and ENGINEERING project.','aerospace','Moderate','Graduate','ComputerRelated','','Some','',NULL,'Yes','abc','Yes','2016-11-09 08:25:37','2016-11-09 08:25:37',NULL,20,1),(21,'Lightning Remote Sensing: Data Processing and Analysis','http://culair.weebly.com/lightning.html','Experience with MATLAB; data analysis and signal processing; basic understanding of electromagnetic waves.','','','','','The LAIR research group studies lightning through its remote signatures, in particular the radiated electromagnetic pulse (EMP). Lightning is the most powerful radiator on Earth, and its pulses can be detected around the globe. We can use these pulses to understand properties of the lightning pulse itself, as well as its interaction with near-Earth space - the ionosphere and magnetosphere, from 60 km to over 50,000 km above the Earth’s surface. In the past few years we have collected large amounts of lightning observational data, amounting to tens of TB. In addition to lightning signatures, this data contains noise, power line harmonics, signals from radio transmitters, and other unwanted signals. We need to process this data to get to what we want - the lightning signals themselves. This will require data processing and algorithms to separate out the lightning signals from the other stuff. The successful student will use Matlab to write algorithms to read and process the data, and create a database of events that we can then analyze for the useful information. A highly motivated student can also use this data to learn and apply statistics and machine learning techniques.','aerospace','Moderate','Combo','ComputerRelated','','Some','',NULL,'Yes','a','Yes','2016-11-09 08:26:38','2016-11-09 08:26:38',NULL,21,3),(22,'Calibration of the Jason-3 Satellite Altimeter using the Harvest LIDAR System','https://sealevel.jpl.nasa.gov/science/ostscienceteam/scientistlinks/scientificinvestigations/haines/','Class standing: Junior or above Required: Python, Matlab, or IDL programming and analysis skills Desired: Python and Linux expertise','','','','','The Harvest Experiment is a critical part of monitoring sea level change using Earth observing satellites. For the past 24 years, starting with the TOPEX/Poseidon and continuing with Jason-1, Jason-2, and now Jason-3 satellites, we have been employed radar altimeters in space to precisely measure the height of the sea surface. To achieve this feat of engineering and produce important science results (see http://sealevel.colorado.edu/), we must calibrate the altimeters using a suite of high-tech instruments on the Harvest Oil Platform. The Harvest Oil Platform sits off the California coast directly under the groundtrack used by the reference satellite altimeters and is installed with systems to measure sea surface properties, such as absolute height, significant wave height, and roughness. The student will join a team to operate and analyze data from a LIDAR ranging instrument on Harvest. The student will maintain the LIDAR remotely, with the possibility of field work on the oil platform. The student\'s tasks will include quality control and analysis of the LIDAR data, comparison with other sensors, and solving the altimeter calibration--work that is critical to climate science.','aerospace','Moderate','Faculty','Combo','','Some','',NULL,'Yes','a','Yes','2016-11-09 08:28:11','2016-11-09 08:28:11',NULL,22,2),(23,'Innovative Passive Bistatic Radar Studies Using Satellite Signals of Opportunity','','Required: Python, Matlab, or IDL programming and analysis skills Desired: Python and Linux expertise; Systems (Satellite) Toolkit (STK) use','','','','','Passive bistatic radar using satellite signals of opportunity is a new and exciting technique in Earth remote sensing. We use the signals being broadcast by GPS and other satellites (digital TV, XM radio, communications, etc.) to measure surface properties such as ocean surface roughness and wind speed, soil moisture, sea ice type and extent, etc. The student will continue working a project to catalog all available signals of opportunity for designing future remote sensing scenarios. The student will use a combination of Python and STK to design scenarios for aircraft and satellite bistatic receivers to remotely sense parameters of the Earth surface. Candidate scenarios may be selected for publication or future proposals. The student will work with the faculty advisor and continue developing on previous work.','aerospace','Moderate','Faculty','ComputerRelated','','Some','',NULL,'Yes','a','Yes','2016-11-09 08:29:39','2016-11-09 08:29:39',NULL,23,1),(24,'CubeQuest Cubesat','http://www.nasa.gov/directorates/spacetech/centennial_challenges/cubequest/','Students should be available between 1 and 3pm on Monday and Wednesdays to meet with the team.','','','','','A team of CU Boulder students is designing a 6U cubesat to be launched on the NASA Space Launch System in 2018 as part of the CubeQuest Deep Space Communications challenge. The DLA student will be integrated with a team of graduate students working on the project during the academic year and may have an opportunity to continue to work on the project during the summer.','aerospace','Large','Combo','Combo','','Some','',NULL,'Yes','a','Yes','2016-11-09 08:31:05','2016-11-09 08:31:05',NULL,24,2),(25,'Satellite Communications Development','','Students are required to have some basic knowledge of digital communication systems, FPGA programming, software defined radios or antennas.','','','','','The project focuses on the development of key elements for cubesat transmitter and receiver system. This includes tracking and modulation algorithms, power amplifiers and antenna design. This project may provide for collaboration with colleagues at NASA research centers.','aerospace','Moderate','Combo','Experimental','','Some','',NULL,'Yes','abc','Yes','2016-11-09 08:32:21','2016-11-09 08:32:21',NULL,25,3),(26,'MAXWELL CubeSat','','Students should be avialable between 1 and 3pm on Monday and Wednesdays to meet with the team.','','','','','A team of CU Boulder students is designing a 6U cubesat as part of the Air Force University Nanosatellite Program to demonstrate high rate communications. The DLA student will be integrated with a team of graduate students working on the project during the academic year and may have an opportunity to continue to work on the project during the summer.','aerospace','Large','Combo','Combo','','Some','',NULL,'Yes','a','Yes','2016-11-09 08:33:27','2016-11-09 08:33:27',NULL,26,2),(27,'Spacecraft Visualization Software','','Preferred: programming experience in C++ Desirable but not critical: experience with graphic design tools','','','','','Currently a C++ frame is being developed to visualize a simulation for spacecraft Attitude Dynamics and Controls. Different scenarios of a spacecraft cruise and orbit insertion are being simulated and the visualization program is flexible enough to admit different models of spacecraft with their own features. This DLC project will consist of coming up with ways of visualising the spacecraft components (for instance the reaction wheel pyramid or the star tracker field of view) and implementing them. The visualisation will be assessed at two levels: graphics on the main scene (OpenGL implemented in C++) and screen panels to display information (Qt framework implemented in C+). The task may also include designing SolidWorks models of state-of-the-art spacecraft.','aerospace','Moderate','Graduate','ComputerRelated','','Refine','',NULL,'Yes','abc','Yes','2016-11-09 08:36:23','2016-11-09 08:36:23',NULL,27,2),(28,'Computer Visualization of Spacecraft Modeled with Flexible Solar Panels','http://hanspeterschaub.info/AVSmovies.html','Preferred programming experience in C/C++ and Python Optional: familiarity with OpenGL programming','','','','','Spacecraft will naturally exhibit flexible dynamics and in certain scenarios it cannot be ignored. A common example of this is spacecraft with large appended solar panels. When these spacecraft have large accelerations, during orbit insertion for example, the solar panels will deflect and oscillate, introducing disturbances back onto the spacecraft. This project will be focused on developing ways to visualize the flexing of the solar panels on a spacecraft as part of a simulation software program. This work will be based in a C++/OpenGL environment, so adequate programming skills are necessary.','aerospace','Moderate','Graduate','ComputerRelated','','Refine','',NULL,'Yes','a','Yes','2016-11-09 08:37:57','2016-11-09 08:37:57',NULL,28,2),(29,'Mechanical effects on pluripotency through photoinducible thiol-ene hydrogels','','None','','','','','Induced pluripotent stem cells (iPSC) completely redefined the permanence of cell fate decisions made during development of the embryo. Recently, iPSCs have been extensively studied due to their therapeutic and disease modeling potential. However, there remains a gap in the field assessing how physical properties of cell-matrix interactions regulate pluripotency. Thiol-ene reactions are a unique biocompatible chemistry that allows the fabrication of tunable and adjustable environments to manipulate cells in a defined manner. By implementing these material chemistries, we aim to assess fundamental aspects of stem cell biology, specifically, how mechanical cues play a role in pluripotency gene networks. We seek to identify the necessary biological cues to incorporate into hydrogels that allow for iPSC culture, expansion and/or differentiation, which will ultimately create a basis for future studies related to mechanosensing iPSCs. A student working on this project will be involved with culture of iPSCs, hydrogel synthesis, and identifying pluripotency. They will learn sterile technique, chemical synthesis, rheological measurements, immunohistochemistry, and gene expression analysis.','chemical_biological','Large','Graduate','Experimental','','Some','',NULL,'Yes','abc','Yes','2016-11-09 08:40:12','2016-11-09 08:40:12',NULL,29,2),(30,'Biomaterials to study the effect of mechanosensing on mesenchymal stem cells','','Available to work for 3-hour blocks','','','','','Clinical therapies based on the delivery of autologous human mesenchymal stem cells (hMSCs) are rapidly evolving, including efforts to repair various kinds of tissue. Despite these growing applications, much remains to be learned about designing biomaterial delivery vehicles to improve in vivo performance or ex vivo expansion of hMSCs. This project aims to exploit an innovative biomaterial cell culture material to study how matrix sitffness can influence the multipotency of hMSCs, especially if there is a dose dependency of mechanical signaling. A photoresponsive hydrogel system will be used to in situ soften the cellular microenvironment with light, and experiments are designed to study the dynamics of mechanotransduction and how this lead to (ir)reversible effects on cell fate through YAP/TAZ activation. A student working on this project will be involved to characterize hMSC response to stiff and soft material mechanics, which will be analyzed by several techniques, including immunochemistry, image analysis, real time-PCR, ChIP-seq. Beyond the molecular biology methods, the project uses techniques in multiple areas: polymer chemistry, materials characterization, and cell culture.','chemical_biological','Large','Graduate','Experimental','','Refine','',NULL,'Yes','abc','Yes','2016-11-09 08:41:42','2016-11-09 08:41:42',NULL,30,3),(31,'Electrochemical upgrading of biomass-derived carboxylic acids','','None','','','','','High yields of carboxylic acids can be produced from fermentation of biomass-derived sugars. These organic acids are useful precursors to a number of chemicals and fuels, including long-chain alcohols and alkanes. Electrochemical processing is a particularly attractive route by which to achieve these transformations because it is compatible with aqueous feeds (e.g. fermentation broths), which would otherwise require costly separations prior to chemical upgrading. To date, the fundamental mechanisms governing reaction rates and product selectivities during electrochemical conversion of carboxylic acids have been sparingly investigated and are poorly understood. This project will initiate exploratory work to characterize the kinetics of these reactions, and gauge the feasibility on an integrated biochemical-electrochemical (BC/EC) processing routes for biomass. Ultimately we seek to leverage expertise in biomass processing and in electrocatalysis at both CU-Boulder and NREL for the development of a viable single circulating flow-through reactor system combining fermentation, electrochemical reduction/coupling reactions, and in-situ product separation.','chemical_biological','Large','Graduate','Experimental','','Some','',NULL,'Yes','abc','Yes','2016-11-09 08:43:05','2016-11-09 08:43:05',NULL,31,3),(32,'Perovskite Materials Preparation and Testing for Solarthermal Water Splitting','http://www.colorado.edu/che/TeamWeimer/','Senior Status; prior lab research desired','','','','','The DL Apprentice will work with Ms. Samantha Miller, Ph.D. student, and will prepare active perovskite materials for experimental testing. Testing will be carried out using a lab stagnation flow reactor available in the JSCBB (chemical and biological engineering - East Campus). Reduction and oxidation (redox) experiments will be carried out in the temperature range of 1300 to 1500 deg C. The DL Apprentice will analyze the data in order to identify reaction rates and possible rate expressions which can be used for modeling.','chemical_biological','Moderate','Graduate','Experimental','','Refine','',NULL,'Yes','abc','Yes','2016-11-09 08:44:51','2016-11-09 08:44:51',NULL,32,3),(33,'Preparation of Colloidal Gels for 3D Printing of Ceramic Parts Using ALD','http://www.colorado.edu/che/TeamWeimer/','Senior Standing. Prior lab experience is desired.','','','','','The DL Apprentice will research methods for preparing colloidal gels which will subsequently be used for 3D printing of ceramic parts. The preparation method will include use of a new vacuum planetary mill and subsequent testing of the gels for stability. Particle atomic layer deposition (ALD) will be used in order to coat substrate ceramic particles with appropriate sintering aids. For this effort, the focus will be on preparing materials for 3D printing of high energy LED substrates. \"Green\" parts will be prepared and then fired to density. As part of this process, studies will be carried out using a 2000 deg C Netszch dilatometer to investigate the kinetics of densification. 3D printing will be done using a new $100,000 system which is available in the lab. Some densification studies will be done at CoorsTek, a partner for a recent NSF research grant.','chemical_biological','Moderate','Combo','Experimental','','Some','',NULL,'Yes','abc','Yes','2016-11-09 08:46:08','2016-11-09 08:46:08',NULL,33,1),(35,'Title','','','','','','','Longer description of this. ','aerospace,electrical,mathematics,electrical_computer,architectural,engineering_physics,chemical,environmental,chemical_biological,engineering_plus,civil,mechanical,computer_science,tech_arts_media','Large','Combo','Other','ABC','Other','ABC','12345787',NULL,'John Doe','Yes','2016-11-19 04:47:04','2016-11-19 04:50:28',NULL,35,15),(36,'Test','','','','','','','',NULL,NULL,NULL,NULL,'',NULL,'','',NULL,'','No','2016-12-01 18:40:35','2016-12-01 18:40:35',NULL,36,14);
/*!40000 ALTER TABLE `projects` ENABLE KEYS */;
UNLOCK TABLES;

--
-- Table structure for table `student_academics`
--

DROP TABLE IF EXISTS `student_academics`;
/*!40101 SET @saved_cs_client     = @@character_set_client */;
/*!40101 SET character_set_client = utf8 */;
CREATE TABLE `student_academics` (
  `id` int(11) NOT NULL AUTO_INCREMENT,
  `primary_major` varchar(255) DEFAULT NULL,
  `secondary_major` varchar(255) DEFAULT NULL,
  `gpa` varchar(255) DEFAULT NULL,
  `next_fall_level` varchar(255) DEFAULT NULL,
  `grad_month` varchar(255) DEFAULT NULL,
  `grad_year` varchar(255) DEFAULT NULL,
  `prev_research_exp` varchar(255) DEFAULT NULL,
  `goldshirt` varchar(255) DEFAULT NULL,
  `skill1` varchar(255) DEFAULT NULL,
  `skill2` varchar(255) DEFAULT NULL,
  `skill3` varchar(255) DEFAULT NULL,
  `created_at` datetime NOT NULL,
  `updated_at` datetime NOT NULL,
  `deleted_at` datetime DEFAULT NULL,
  PRIMARY KEY (`id`)
) ENGINE=InnoDB AUTO_INCREMENT=25 DEFAULT CHARSET=latin1;
/*!40101 SET character_set_client = @saved_cs_client */;

--
-- Dumping data for table `student_academics`
--

LOCK TABLES `student_academics` WRITE;
/*!40000 ALTER TABLE `student_academics` DISABLE KEYS */;
INSERT INTO `student_academics` VALUES (1,'Chemical Engineering','','',NULL,NULL,NULL,NULL,NULL,'','','','2016-12-05 21:19:54','2016-12-05 21:19:54',NULL),(2,'Aerospace Engineering','','3.500','Sophomore','August','2019','No','Yes','I is smawt ','I is kind','I is important ','2016-12-07 00:12:35','2016-12-07 00:12:35',NULL),(3,'Applied Mathematics','','2.67','Freshman','December','2021','No','Yes','I is smawt ','I is kind','I is important','2016-12-07 00:17:09','2016-12-07 00:17:09',NULL),(4,'Chemical & Biological Engineering','','2.000','Senior','December','2018','Yes','No','','','','2016-12-07 00:38:15','2016-12-07 00:38:15',NULL),(5,'Computer Science','Chemical & Biological Engineering','3.67','Sophomore','May','2019','Yes','Yes','','','','2016-12-07 00:40:33','2016-12-07 00:40:33',NULL),(6,'Chemical Engineering','','3.2','Senior','May','2018','Yes','No','','','','2016-12-07 00:42:40','2016-12-07 00:42:40',NULL),(7,'Chemical Engineering','Computer Science','4.0','Freshman','May','2020','No','Yes','','','','2016-12-07 00:45:02','2016-12-07 00:45:02',NULL),(8,'Electrical Engineering','','3.5','Junior','May','2019','Yes','No','','','','2016-12-07 00:47:31','2016-12-07 00:47:31',NULL),(9,'Electrical Engineering','','3.4','Freshman','December','2020','No','Yes','','','','2016-12-07 00:50:01','2016-12-07 00:50:01',NULL),(10,'Computer Science','','3.31','Junior','May','2019','Yes','No','','','','2016-12-07 00:53:27','2016-12-07 00:53:27',NULL),(11,'Chemical Engineering','','3.999','Sophomore','August','2019','Yes','Yes','I\'m batman.','I\'m batman.','I\'m batman.','2016-12-07 00:56:24','2016-12-07 00:56:24',NULL),(12,'Applied Mathematics','','3.40','Senior','May','2018','Yes','No','Chosen as Ringbearer','Member of the fellowship','Works well with hostile people','2016-12-07 02:43:38','2016-12-07 02:43:38',NULL),(13,'Computer Science','','3.3','Junior','August','2019','No','No','Member of the Fellowship','Loyal','Can cook potatoes','2016-12-07 02:50:48','2016-12-07 02:50:48',NULL),(14,'Engineering Plus','Civil Engineering','2.7','Junior','December','2020','No','Yes','Skill 1','Skill 2','Skill 3','2016-12-07 03:04:05','2016-12-07 03:04:05',NULL),(15,'Computer Science','','3.87','Senior','May','2019','Yes','No','Skill 1','Skill 2','Skill 3','2016-12-07 03:14:26','2016-12-07 03:14:26',NULL),(16,'Technology, Art, and Media','','3.75','Junior','August','2020','No','Yes','Skill 1','Skill 2','Skill 3','2016-12-07 03:22:04','2016-12-07 03:22:04',NULL),(17,'Chemical & Biological Engineering','','3.2','Junior','December','2020','No','Yes','Skill 1','Skill 2','Skill 3','2016-12-07 03:27:15','2016-12-07 03:27:15',NULL),(18,'Electrical Engineering','Applied Mathematics','3.6','Senior','May','2018','No','No','Skill 1','Skill 2','Skill 3','2016-12-07 03:50:28','2016-12-07 03:50:28',NULL),(19,'Mechanical Engineering','','3.7','5th Year Senior','December','2017','Yes','Yes','Skill 1','Skill 2','Skill 3','2016-12-07 03:55:50','2016-12-07 03:55:50',NULL),(20,'Aerospace Engineering','','3.5','Senior','December','2019','No','Yes','Skill 1','Skill 2','Skill 3','2016-12-07 04:01:20','2016-12-07 04:01:20',NULL),(21,'Computer Science','Chemical Engineering','3.9','Senior','May','2018','Yes','No','Skill 1','Skill 2','Skill 3','2016-12-07 04:06:45','2016-12-07 04:06:45',NULL),(22,'Chemical & Biological Engineering','','3.78','5th Year Senior','May','2017','No','Yes','','','','2016-12-07 19:19:04','2016-12-07 19:19:04',NULL),(23,'Aerospace Engineering','','3.34','Senior','May','2018','Yes','No','','','','2016-12-07 19:52:17','2016-12-07 19:52:17',NULL),(24,'Aerospace Engineering','','3.98','Junior','May','2018','No','No','','','','2016-12-07 19:57:18','2016-12-07 19:57:18',NULL);
/*!40000 ALTER TABLE `student_academics` ENABLE KEYS */;
UNLOCK TABLES;

--
-- Table structure for table `student_apprenticeship`
--

DROP TABLE IF EXISTS `student_apprenticeship`;
/*!40101 SET @saved_cs_client     = @@character_set_client */;
/*!40101 SET character_set_client = utf8 */;
CREATE TABLE `student_apprenticeship` (
  `id` int(11) NOT NULL AUTO_INCREMENT,
  `prev_application` varchar(255) DEFAULT NULL,
  `fall_employment_plans` text,
  `most_interest` varchar(255) DEFAULT NULL,
  `most_interest_req1` varchar(255) DEFAULT 'No',
  `most_interest_req2` varchar(255) DEFAULT 'No',
  `most_interest_req3` varchar(255) DEFAULT 'No',
  `most_interest_req4` varchar(255) DEFAULT 'No',
  `most_interest_req5` varchar(255) DEFAULT 'No',
  `high_interest` varchar(255) DEFAULT NULL,
  `high_interest_req1` varchar(255) DEFAULT 'No',
  `high_interest_req2` varchar(255) DEFAULT 'No',
  `high_interest_req3` varchar(255) DEFAULT 'No',
  `high_interest_req4` varchar(255) DEFAULT 'No',
  `high_interest_req5` varchar(255) DEFAULT 'No',
  `moderate_interest` varchar(255) DEFAULT NULL,
  `moderate_interest_req1` varchar(255) DEFAULT 'No',
  `moderate_interest_req2` varchar(255) DEFAULT 'No',
  `moderate_interest_req3` varchar(255) DEFAULT 'No',
  `moderate_interest_req4` varchar(255) DEFAULT 'No',
  `moderate_interest_req5` varchar(255) DEFAULT 'No',
  `low_interest` varchar(255) DEFAULT NULL,
  `low_interest_req1` varchar(255) DEFAULT 'No',
  `low_interest_req2` varchar(255) DEFAULT 'No',
  `low_interest_req3` varchar(255) DEFAULT 'No',
  `low_interest_req4` varchar(255) DEFAULT 'No',
  `low_interest_req5` varchar(255) DEFAULT 'No',
  `least_interest` varchar(255) DEFAULT NULL,
  `least_interest_req1` varchar(255) DEFAULT 'No',
  `least_interest_req2` varchar(255) DEFAULT 'No',
  `least_interest_req3` varchar(255) DEFAULT 'No',
  `least_interest_req4` varchar(255) DEFAULT 'No',
  `least_interest_req5` varchar(255) DEFAULT 'No',
  `background_check` varchar(255) DEFAULT NULL,
  `awareness_training` varchar(255) DEFAULT NULL,
  `ssn` varchar(255) DEFAULT NULL,
  `created_at` datetime NOT NULL,
  `updated_at` datetime NOT NULL,
  `deleted_at` datetime DEFAULT NULL,
  PRIMARY KEY (`id`)
) ENGINE=InnoDB AUTO_INCREMENT=25 DEFAULT CHARSET=latin1;
/*!40101 SET character_set_client = @saved_cs_client */;

--
-- Dumping data for table `student_apprenticeship`
--

LOCK TABLES `student_apprenticeship` WRITE;
/*!40000 ALTER TABLE `student_apprenticeship` DISABLE KEYS */;
INSERT INTO `student_apprenticeship` VALUES (1,NULL,'',NULL,'No','No','No','No','No',NULL,'No','No','No','No','No',NULL,'No','No','No','No','No',NULL,'No','No','No','No','No',NULL,'No','No','No','No','No',NULL,NULL,'','2016-12-05 21:19:54','2016-12-05 21:19:54',NULL),(2,'No','N/A','7','Yes','Yes','No','No','No','19','Yes','No','No','No','No','11','Yes','No','No','No','No',NULL,'No','No','No','No','No',NULL,'No','No','No','No','No','No','No','','2016-12-07 00:12:35','2016-12-07 00:12:35',NULL),(3,'Yes','N/A','4','Yes','No','No','No','No','6','Yes','No','No','No','No',NULL,'No','No','No','No','No',NULL,'No','No','No','No','No',NULL,'No','No','No','No','No','Yes','Yes','1234','2016-12-07 00:17:09','2016-12-07 00:17:09',NULL),(4,'Not Sure','','21','Yes','No','No','No','No','13','Yes','Yes','Yes','Yes','Yes',NULL,'No','No','No','No','No',NULL,'No','No','No','No','No',NULL,'No','No','No','No','No','No','No','','2016-12-07 00:38:15','2016-12-07 00:38:15',NULL),(5,'No','','18','Yes','No','No','No','No',NULL,'No','No','No','No','No',NULL,'No','No','No','No','No',NULL,'No','No','No','No','No',NULL,'No','No','No','No','No','Not Sure','Not Sure','4562','2016-12-07 00:40:33','2016-12-07 00:40:33',NULL),(6,'Yes','','18','Yes','No','No','No','No',NULL,'No','No','No','No','No',NULL,'No','No','No','No','No',NULL,'No','No','No','No','No',NULL,'No','No','No','No','No','No','No','','2016-12-07 00:42:40','2016-12-07 00:42:40',NULL),(7,'No','','20','Yes','No','No','No','No',NULL,'No','No','No','No','No',NULL,'No','No','No','No','No',NULL,'No','No','No','No','No',NULL,'No','No','No','No','No','No','No','','2016-12-07 00:45:02','2016-12-07 00:45:02',NULL),(8,'No','N/A','18','Yes','No','No','No','No','22','Yes','No','No','No','No','21','Yes','No','No','No','No','17','Yes','No','No','No','No','16','Yes','No','No','No','No','No','No','','2016-12-07 00:47:31','2016-12-07 00:47:31',NULL),(9,'No','','21','Yes','No','No','No','No',NULL,'No','No','No','No','No',NULL,'No','No','No','No','No',NULL,'No','No','No','No','No',NULL,'No','No','No','No','No','No','No','','2016-12-07 00:50:01','2016-12-07 00:50:01',NULL),(10,'No','Charm all the ladies.','11','Yes','No','No','No','No',NULL,'No','No','No','No','No',NULL,'No','No','No','No','No',NULL,'No','No','No','No','No',NULL,'No','No','No','No','No','No','No','','2016-12-07 00:53:27','2016-12-07 00:53:27',NULL),(11,'No','Run Wayne Industries','7','Yes','Yes','No','No','No','12','Yes','No','No','No','No','20','Yes','No','No','No','No',NULL,'No','No','No','No','No',NULL,'No','No','No','No','No','No','No','','2016-12-07 00:56:24','2016-12-07 00:56:24',NULL),(12,'No','Ringbearer at Mt. Doom','20','Yes','No','No','No','No','8','Yes','Yes','No','No','No','10','No','No','No','No','No',NULL,'No','No','No','No','No',NULL,'No','No','No','No','No','No','No','1234','2016-12-07 02:43:38','2016-12-07 02:43:38',NULL),(13,'No','Extensive hiking in Mordor','32','No','No','No','No','No','13','Yes','Yes','Yes','Yes','Yes','11','Yes','No','No','No','No','23','Yes','No','No','No','No',NULL,'No','No','No','No','No','Not Sure','Not Sure','1234','2016-12-07 02:50:48','2016-12-07 02:50:48',NULL),(14,'Yes','Become knight under Denethor','29','Yes','No','No','No','No','32','No','No','No','No','No','16','No','No','No','No','No','18','Yes','No','No','No','No','33','No','No','No','No','No','No','No','1234','2016-12-07 03:04:05','2016-12-07 03:04:05',NULL),(15,'Yes','Fall plans','27','Yes','No','No','No','No','28','Yes','No','No','No','No','26','Yes','No','No','No','No',NULL,'No','No','No','No','No',NULL,'No','No','No','No','No','No','No','1234','2016-12-07 03:14:26','2016-12-07 03:14:26',NULL),(16,'No','Fight the Witch King','10','Yes','No','No','No','No','9','Yes','No','No','No','No','8','Yes','Yes','No','No','No',NULL,'No','No','No','No','No',NULL,'No','No','No','No','No','No','No','1234','2016-12-07 03:22:04','2016-12-07 03:22:04',NULL),(17,'Yes','Fall plans','30','Yes','No','No','No','No','29','Yes','No','No','No','No','33','No','No','No','No','No',NULL,'No','No','No','No','No',NULL,'No','No','No','No','No','No','No','1234','2016-12-07 03:27:15','2016-12-07 03:27:15',NULL),(18,'No','Fall plans','11','Yes','No','No','No','No','16','Yes','No','No','No','No','9','No','No','No','No','No','6','Yes','No','No','No','No','25','Yes','No','No','No','No','No','No','1234','2016-12-07 03:50:28','2016-12-07 03:50:28',NULL),(19,'Yes','Fall plans','22','Yes','No','No','No','No','7','Yes','Yes','No','No','No','24','Yes','No','No','No','No','20','Yes','No','No','No','No','5','Yes','No','No','No','No','No','No','1234','2016-12-07 03:55:50','2016-12-07 03:55:50',NULL),(20,'No','Fall plans','18','Yes','No','No','No','No','19','Yes','No','No','No','No','26','Yes','No','No','No','No','11','No','No','No','No','No',NULL,'No','No','No','No','No','No','No','1234','2016-12-07 04:01:20','2016-12-07 04:01:20',NULL),(21,'No','Fall plans','4','Yes','No','No','No','No','6','Yes','No','No','No','No','14','Yes','No','No','No','No','28','Yes','No','No','No','No','25','Yes','No','No','No','No','No','No','1234','2016-12-07 04:06:45','2016-12-07 04:06:45',NULL),(22,'No','','4','Yes','No','No','No','No','5','Yes','No','No','No','No','6','Yes','No','No','No','No','13','Yes','No','Yes','Yes','Yes',NULL,'No','No','No','No','No','Yes','Yes','','2016-12-07 19:19:04','2016-12-07 19:19:04',NULL),(23,'No','','10','Yes','No','No','No','No','8','Yes','No','No','No','No','13','No','Yes','Yes','Yes','No',NULL,'No','No','No','No','No',NULL,'No','No','No','No','No','Yes','No','','2016-12-07 19:52:17','2016-12-07 19:52:17',NULL),(24,'No','None','9','Yes','No','No','No','No','10','Yes','No','No','No','No','10','Yes','No','No','No','No',NULL,'No','No','No','No','No',NULL,'No','No','No','No','No','No','No','','2016-12-07 19:57:18','2016-12-07 19:57:18',NULL);
/*!40000 ALTER TABLE `student_apprenticeship` ENABLE KEYS */;
UNLOCK TABLES;

--
-- Table structure for table `student_contact`
--

DROP TABLE IF EXISTS `student_contact`;
/*!40101 SET @saved_cs_client     = @@character_set_client */;
/*!40101 SET character_set_client = utf8 */;
CREATE TABLE `student_contact` (
  `id` int(11) NOT NULL AUTO_INCREMENT,
  `street_address` varchar(255) DEFAULT NULL,
  `city` varchar(255) DEFAULT NULL,
  `state` varchar(255) DEFAULT NULL,
  `zip` varchar(255) DEFAULT NULL,
  `phone` varchar(255) DEFAULT NULL,
  `email` varchar(255) DEFAULT NULL,
  `summer_street_address` varchar(255) DEFAULT NULL,
  `summer_city` varchar(255) DEFAULT NULL,
  `summer_state` varchar(255) DEFAULT NULL,
  `summer_zip` varchar(255) DEFAULT NULL,
  `summer_phone` varchar(255) DEFAULT NULL,
  `summer_email` varchar(255) DEFAULT NULL,
  `created_at` datetime NOT NULL,
  `updated_at` datetime NOT NULL,
  `deleted_at` datetime DEFAULT NULL,
  PRIMARY KEY (`id`)
) ENGINE=InnoDB AUTO_INCREMENT=25 DEFAULT CHARSET=latin1;
/*!40101 SET character_set_client = @saved_cs_client */;

--
-- Dumping data for table `student_contact`
--

LOCK TABLES `student_contact` WRITE;
/*!40000 ALTER TABLE `student_contact` DISABLE KEYS */;
INSERT INTO `student_contact` VALUES (1,'','','CO','','','','','',NULL,'','','','2016-12-05 21:19:54','2016-12-05 21:19:54',NULL),(2,'123 ABC Lane','Denver','CO','12345','1234567890','donald.duck@se.edu','','',NULL,'','','','2016-12-07 00:12:35','2016-12-07 00:12:35',NULL),(3,'1234 ABC Lane','Denver','CO','12345','4567896514','robin.hood@colorado.edu','','',NULL,'','','','2016-12-07 00:17:09','2016-12-07 00:17:09',NULL),(4,'789 ABC Lane','Denver','CO','12345','7895456321','mickey.mouse@colorado.edu','','',NULL,'','','','2016-12-07 00:38:15','2016-12-07 00:38:15',NULL),(5,'4567 ABC Lane','Denver','CO','12345','7898452120','robin.hood@colorado.edu','','',NULL,'','','','2016-12-07 00:40:33','2016-12-07 00:40:33',NULL),(6,'45679 Lane','Boulder ','CO','78955','7894521248','bugs.bunny@colorado.edu','','',NULL,'','','','2016-12-07 00:42:40','2016-12-07 00:42:40',NULL),(7,'345 Road','Boulder','CO','78541','7898452123','Snow.White@colorado.edu','','',NULL,'','','','2016-12-07 00:45:02','2016-12-07 00:45:02',NULL),(8,'124 That\'s all folks','Boulder','CO','78545','7898456541','porky.pig@colorado.edu','','',NULL,'','','','2016-12-07 00:47:31','2016-12-07 00:47:31',NULL),(9,'345 Bed','Boulder','CO','78954','7895421554','sleeping.beauty@colorado.edu','','',NULL,'','','','2016-12-07 00:50:01','2016-12-07 00:50:01',NULL),(10,'345 Charm your pants off','Denver','CO','78464','5454784521','Prince.charming@colorado.edu','','',NULL,'','','','2016-12-07 00:53:27','2016-12-07 00:53:27',NULL),(11,'456 Batcave','Gotham','CO','56789','1454887545','bruce.wayne@colorado.edu','675 Wayne Lane','Gotham ','CO','56789','4541248785','','2016-12-07 00:56:24','2016-12-07 00:56:24',NULL),(12,'7 Bag End','Hobbiton','CO','12345','1112223333','frodo@colorado.edu','','',NULL,'','','','2016-12-07 02:43:38','2016-12-07 02:43:38',NULL),(13,'21 Proudfoot lane','The Shire','CO','12354','1112223333','samwise@colorado.edu','','',NULL,'','','','2016-12-07 02:50:48','2016-12-07 02:50:48',NULL),(14,'3 Took Rd.','The Shire','CO','12345','1112223333','peregrin@colorado.edu','','',NULL,'','','','2016-12-07 03:04:05','2016-12-07 03:04:05',NULL),(15,'10 Brandybuck way','The Shire','CO','12345','1112223333','meriadoc@colorado.edu','','',NULL,'','','','2016-12-07 03:14:26','2016-12-07 03:14:26',NULL),(16,'1 Hill Fort Edoras','Rohan','CO','12345','1112223333','eowyn@colorado.edu','','',NULL,'','','','2016-12-07 03:22:04','2016-12-07 03:22:04',NULL),(17,'78 Middle Earth road','Rivendell','CO','12345','1112223333','arwen@colorado.edu','','',NULL,'','','','2016-12-07 03:27:15','2016-12-07 03:27:15',NULL),(18,'32 Lorien Place','Lorien','CO','12345','1112223333','galadriel@colorado.edu','','',NULL,'','','','2016-12-07 03:50:28','2016-12-07 03:50:28',NULL),(19,'1 Rivendell manor','Rivendell','CO','12345','1112223333','elrond@colorado.edu','','',NULL,'','','','2016-12-07 03:55:50','2016-12-07 03:55:50',NULL),(20,'1 Woodland place','Woodland Realm','CO','12345','1112223333','legolas@colorado.edu','','',NULL,'','','','2016-12-07 04:01:20','2016-12-07 04:01:20',NULL),(21,'123 Wherever','Middle Earth','CO','12345','1112223333','gandalf@colorado.edu','','',NULL,'','','','2016-12-07 04:06:45','2016-12-07 04:06:45',NULL),(22,'2330 Pearl Street,','Boulder','CO','80209','9876578902','arun.kishore@colorado.edu','','',NULL,'','','','2016-12-07 19:19:04','2016-12-07 19:19:04',NULL),(23,'vchsvksjd, ','Boulder','CO','12345','5678995567','janani.swaminathan@colorado.edu','','',NULL,'','','','2016-12-07 19:52:17','2016-12-07 19:52:17',NULL),(24,'3456 Liohfb,','Denver','CO','34567','8765432109','anvitha.reddy@colorado.edu','','',NULL,'','','','2016-12-07 19:57:18','2016-12-07 19:57:18',NULL);
/*!40000 ALTER TABLE `student_contact` ENABLE KEYS */;
UNLOCK TABLES;

--
-- Table structure for table `students`
--

DROP TABLE IF EXISTS `students`;
/*!40101 SET @saved_cs_client     = @@character_set_client */;
/*!40101 SET character_set_client = utf8 */;
CREATE TABLE `students` (
  `id` int(11) NOT NULL AUTO_INCREMENT,
  `name` varchar(255) DEFAULT NULL,
  `sid` varchar(255) DEFAULT NULL,
  `gender` varchar(255) DEFAULT NULL,
  `origin` varchar(255) DEFAULT NULL,
  `race` varchar(255) DEFAULT NULL,
  `submitted` varchar(255) DEFAULT 'No',
  `created_at` datetime NOT NULL,
  `updated_at` datetime NOT NULL,
  `deleted_at` datetime DEFAULT NULL,
  `contact_id` int(11) DEFAULT NULL,
  `academics_id` int(11) DEFAULT NULL,
  `apprenticeship_id` int(11) DEFAULT NULL,
  `user_id` int(11) DEFAULT NULL,
  PRIMARY KEY (`id`),
  KEY `contact_id` (`contact_id`),
  KEY `academics_id` (`academics_id`),
  KEY `apprenticeship_id` (`apprenticeship_id`),
  KEY `user_id` (`user_id`),
  CONSTRAINT `students_ibfk_1` FOREIGN KEY (`contact_id`) REFERENCES `student_contact` (`id`) ON DELETE CASCADE ON UPDATE CASCADE,
  CONSTRAINT `students_ibfk_2` FOREIGN KEY (`academics_id`) REFERENCES `student_academics` (`id`) ON DELETE CASCADE ON UPDATE CASCADE,
  CONSTRAINT `students_ibfk_3` FOREIGN KEY (`apprenticeship_id`) REFERENCES `student_apprenticeship` (`id`) ON DELETE CASCADE ON UPDATE CASCADE,
  CONSTRAINT `students_ibfk_4` FOREIGN KEY (`user_id`) REFERENCES `users` (`id`) ON DELETE CASCADE ON UPDATE CASCADE
) ENGINE=InnoDB AUTO_INCREMENT=25 DEFAULT CHARSET=latin1;
/*!40101 SET character_set_client = @saved_cs_client */;

--
-- Dumping data for table `students`
--

LOCK TABLES `students` WRITE;
/*!40000 ALTER TABLE `students` DISABLE KEYS */;
INSERT INTO `students` VALUES (1,'ht','',NULL,NULL,NULL,'No','2016-12-05 21:19:54','2016-12-05 21:19:54',NULL,1,1,1,19),(2,'Donald Duck','123456789','Male','Do not wish to answer','DNW','Yes','2016-12-07 00:12:35','2016-12-07 00:12:35',NULL,2,2,2,5),(3,'Robin Hood ','234567888','Male','Yes','Caucasian','Yes','2016-12-07 00:17:09','2016-12-07 00:17:09',NULL,3,3,3,5),(4,'Mickey Mouse ','785452123','Male','No','BorAA','Yes','2016-12-07 00:38:15','2016-12-07 00:38:15',NULL,4,4,4,5),(5,'Robin Hood','789451221','Male','Yes','Caucasian','Yes','2016-12-07 00:40:33','2016-12-07 00:40:33',NULL,5,5,5,5),(6,'Bugs Bunny','456123215','female','Yes','Caucasian','Yes','2016-12-07 00:42:40','2016-12-07 00:42:40',NULL,6,6,6,5),(7,'Snow White','789545212','female','No','Caucasian','Yes','2016-12-07 00:45:02','2016-12-07 00:45:02',NULL,7,7,7,5),(8,'Porky Pig','455121245','Male','No','Asian','Yes','2016-12-07 00:47:31','2016-12-07 00:47:31',NULL,8,8,8,5),(9,'Sleeping Beauty','455654877','female','No','AIorAN','Yes','2016-12-07 00:50:01','2016-12-07 00:50:01',NULL,9,9,9,5),(10,'Prince Charming','456658955','female','No','Asian','Yes','2016-12-07 00:53:27','2016-12-07 00:53:27',NULL,10,10,10,5),(11,'Bruce Wayne','456521245','Male','Do not wish to answer','DNW','Yes','2016-12-07 00:56:24','2016-12-07 00:56:24',NULL,11,11,11,5),(12,'Frodo Baggins','123456789','Male','Do not wish to answer','AIorAN','Yes','2016-12-07 02:43:38','2016-12-07 02:43:38',NULL,12,12,12,20),(13,'Samwise Gamgee','123456789','Male','Yes','DNW','Yes','2016-12-07 02:50:48','2016-12-07 02:50:48',NULL,13,13,13,21),(14,'Peregrin Took','123456789','Male','No','Caucasian','Yes','2016-12-07 03:04:05','2016-12-07 03:04:05',NULL,14,14,14,22),(15,'Meriadoc Brandybuck','132456789','Male','Do not wish to answer','DNW','Yes','2016-12-07 03:14:26','2016-12-07 03:14:26',NULL,15,15,15,23),(16,'Eowyn','123456879','female','No','AIorAN','Yes','2016-12-07 03:22:04','2016-12-07 03:22:04',NULL,16,16,16,24),(17,'Arwen Unodomiel','123456789','female','No','Caucasian','Yes','2016-12-07 03:27:15','2016-12-07 03:27:15',NULL,17,17,17,25),(18,'Galadriel','123456789','female','No','DNW','Yes','2016-12-07 03:50:28','2016-12-07 03:50:28',NULL,18,18,18,26),(19,'Elrond','123456789','Male','No','DNW','Yes','2016-12-07 03:55:50','2016-12-07 03:55:50',NULL,19,19,19,27),(20,'Legolas Greenleaf','123456789','Male','No','DNW','Yes','2016-12-07 04:01:20','2016-12-07 04:01:20',NULL,20,20,20,28),(21,'Gandalf','123456789','Male','Do not wish to answer','DNW','Yes','2016-12-07 04:06:45','2016-12-07 04:06:45',NULL,21,21,21,29),(22,'Arun Kishore','123456001','Male','No','Asian','Yes','2016-12-07 19:19:04','2016-12-07 19:19:04',NULL,22,22,22,31),(23,'Janani Swaminathan','234554321','female','No','BorAA','Yes','2016-12-07 19:52:17','2016-12-07 19:52:17',NULL,23,23,23,33),(24,'Anvitha Reddy','345678234','Male','Yes','DNW','Yes','2016-12-07 19:57:18','2016-12-07 19:57:18',NULL,24,24,24,34);
/*!40000 ALTER TABLE `students` ENABLE KEYS */;
UNLOCK TABLES;

--
-- Table structure for table `users`
--

DROP TABLE IF EXISTS `users`;
/*!40101 SET @saved_cs_client     = @@character_set_client */;
/*!40101 SET character_set_client = utf8 */;
CREATE TABLE `users` (
  `id` int(11) NOT NULL AUTO_INCREMENT,
  `email` varchar(255) DEFAULT NULL,
  `password` varchar(255) NOT NULL,
  `type` varchar(255) DEFAULT NULL,
  `created_at` datetime NOT NULL,
  `updated_at` datetime NOT NULL,
  `deleted_at` datetime DEFAULT NULL,
  PRIMARY KEY (`id`)
) ENGINE=InnoDB AUTO_INCREMENT=36 DEFAULT CHARSET=latin1;
/*!40101 SET character_set_client = @saved_cs_client */;

--
-- Dumping data for table `users`
--

LOCK TABLES `users` WRITE;
/*!40000 ALTER TABLE `users` DISABLE KEYS */;
INSERT INTO `users` VALUES (1,'stephen.becker@colorado.edu','$2a$05$OyZyxbulugv7WbCMnhRvQ.XYZWxgq4MvlHwTDpOR76qiGzqVeKNUC','Faculty','2016-11-17 08:39:52','2016-11-17 08:39:52',NULL),(2,'nisar.ahmed@colorado.edu','$2a$05$EeYQYv2eOJoXvYPV9gJgseyBWw4HvMnlD3UoWeNVkT1vYvp0Vhv..','Faculty','2016-11-17 08:40:40','2016-11-17 08:40:40',NULL),(3,'johnevans@colorado.edu','$2a$05$ki5b0sdDu3VBN6jM1oBszuLrRvQQfSonMbcbsifCJcIGAev4mcEmm','Faculty','2016-11-17 08:41:04','2016-11-17 08:41:04',NULL),(4,'abhimanyu.ambastha@colorado.edu','$2a$05$tficCKZST3gs8wLgEzu5v.i7/m8BBdV0Yvwan9wUHV3Y2vyUKmIPi','Student','2016-11-17 08:45:47','2016-11-17 08:45:47',NULL),(5,'jessie.batson@colorado.edu','$2a$05$9wMmR.mAzPsUPspdNogFmeigL/zH39fNRtjkzK7syRyp0puE1VpV2','Student','2016-11-17 08:46:05','2016-11-17 08:46:05',NULL),(6,'samuel.tobey@colorado.edu','$2a$05$THqLfRub9sa8XV1brUvR/eaKU4ppTjwKQ8NUZTqsTnyqPWoEClT6K','Student','2016-11-17 08:46:24','2016-11-17 08:46:24',NULL),(7,'logeswari.shanmugavel@colorado.edu','$2a$05$fobxzftWuvrODFcpLZ0klOc0sipIxXDjKmIGlAONHdVNj4sbjbN0W','Student','2016-11-17 08:46:47','2016-11-17 08:46:47',NULL),(9,'abam8289@Colorado.EDU','$2a$05$wjYnSuzhRqStZao34rwE9.ctqIi3CUQMbGnuSSVVSe5d8l79llC1m','Student','2016-11-19 00:34:59','2016-11-19 00:34:59',NULL),(10,'Samuel.P.Tobey@Colorado.EDU','$2a$05$fYR6R8UQL.G1yfRWtez4W.AJOOWYzhw3fri9Ns7aJCmoLG6QoLJb6','Student','2016-11-19 01:51:19','2016-11-19 01:51:19',NULL),(11,'abam8289@Colorado.EDU','$2a$05$aM3ZeXBV8I6.9zbQOUpAGOxajJGaL5JtfG7IggZl..td11sSGZJme','Student','2016-11-19 02:44:14','2016-11-19 02:44:14',NULL),(12,'abam8289@Colorado.EDU','$2a$05$3pRJEO7tz2mJe/NguhMe9e5FlJDrugM5HPg7oFKv5B5IWWXVqbMSG','Student','2016-11-19 02:45:42','2016-11-19 02:45:42',NULL),(13,'student@colorado.edu','$2a$05$1JY8GWOiZ42SFxHSGfGrDeH3289U699cNIpP4iuSGL.6d07YBItHm','Student','2016-11-19 03:40:40','2016-11-19 03:40:40',NULL),(14,'faculty@colorado.edu','$2a$05$fR29ZQvN8ilmHoH6YFI26OSuhip9tj9S9/cjrteqVCC9sEBBiwvYi','Faculty','2016-11-19 03:41:15','2016-11-19 03:41:15',NULL),(15,'jeba5501@colorado.edu','$2a$05$pzzEO6IuiGfbQqIcSBJQCegt3yM/1YrOsAFTLPQ9Px7BkIXhzA.Hq','Faculty','2016-11-19 04:43:12','2016-11-19 04:43:12',NULL),(16,'jessiebatson@coloraod.edu','$2a$05$IwdEfyPby.UGV8ZtxqonWOFwN6YjYhdGgND4rgYJtExVY21iQkKpK','Faculty','2016-11-19 05:07:45','2016-11-19 05:07:45',NULL),(17,'bgganesh93@gmail.com','$2a$05$OuQ8v7uB7gOXFwmn4I.vIenHN00.z7KfSWTBfNkj2./YSK7cRVldq','Student','2016-11-28 00:05:03','2016-11-28 00:05:03',NULL),(18,'qazw1234@colorado.edu','$2a$05$toaMJnrRQiwCpZd1Hj8fWu2SfDdkkpXEQaPwbc1V74IrNAuWc9vra','Student','2016-11-30 00:16:07','2016-11-30 00:16:07',NULL),(19,'kp@gmail.com','$2a$05$6H/58u0Y9QwRWRAz3MdJvO2z11KguRF1nwZ5.NXUxLD1X/bVDHkUm','Student','2016-12-05 21:19:14','2016-12-05 21:19:14',NULL),(20,'frodo@colorado.edu','$2a$05$n9sQFpy7gBFV6hlUhzZfAelZZtA9WDh8FWlVejv.ARJ2.THvgs/s6','Student','2016-12-07 02:16:10','2016-12-07 02:16:10',NULL),(21,'samwise@colorado.edu','$2a$05$/lBtoPucEkzMZ5OTfecXReltB9UsID/lYw7kSNoEyvI1FEEugCt96','Student','2016-12-07 02:44:50','2016-12-07 02:44:50',NULL),(22,'peregrin@colorado.edu','$2a$05$hkiKco.GBeDUgfnV1Yz4uuIA07IKnUBL5A79PW1eVAxpVZKruYaaK','Student','2016-12-07 02:51:52','2016-12-07 02:51:52',NULL),(23,'meriadoc@colorado.edu','$2a$05$Cc0T50HM9drzLzYq5lp3ReQJtOK7/gPfRtg0PCgGFewDG65kt254m','Student','2016-12-07 03:04:57','2016-12-07 03:04:57',NULL),(24,'eowyn@colorado.edu','$2a$05$DXBdg3dsCVn89C3afa3hluhUtIyFofIfJ/5lvwzzKaw4izvBEg.0W','Student','2016-12-07 03:18:05','2016-12-07 03:18:05',NULL),(25,'arwen@colorado.edu','$2a$05$lBbNrixLmftfVenSEpaRUONgV/UpMjwVPtWY6VDZ4odlsN97a8fwu','Student','2016-12-07 03:23:30','2016-12-07 03:23:30',NULL),(26,'galadriel@colorado.edu','$2a$05$cLLdJ3FAmjwJjqLhsKNL9u43bR3cGXlbbkuUp4ynhSgi155gvLHi6','Student','2016-12-07 03:45:26','2016-12-07 03:45:26',NULL),(27,'elrond@colorado.edu','$2a$05$EDssfWK0iMK6AahYfMuJW.yOQnTA8Or.cPQtyFP3Ahh5y3mZeOI.S','Student','2016-12-07 03:51:17','2016-12-07 03:51:17',NULL),(28,'legolas@colorado.edu','$2a$05$iubYc3f8gQnmsWzTIcIt4.LXju/2Mkg78dOEZiEMJ/yPUMowueLmC','Student','2016-12-07 03:56:18','2016-12-07 03:56:18',NULL),(29,'gandalf@colorado.edu','$2a$05$d1dS1lhafkFSTAcGnJXr..2y2NSwkV3IDJe/pmFIDT3JZ6P4mxVc6','Student','2016-12-07 04:03:56','2016-12-07 04:03:56',NULL),(30,'cccc@gmail.com','$2a$05$kWTMWNVs2fdbEjwqbdnLLelycyeYCwg7ibddMZ6VQXXOjsCBOWsom','Student','2016-12-07 07:08:19','2016-12-07 07:08:19',NULL),(31,'arun.kishore@colorado.edu','$2a$05$jWNfejXj1oVaPq2Mixt0lekilY22LLL3xkJboME3BE2h.khe9Tm32','Student','2016-12-07 19:12:18','2016-12-07 19:12:18',NULL),(32,'admin@colorado.edu','$2a$05$4rzuHPzDlEGkH3iFDtFdO.T7eQAWjKepr3ERrf0HcX2fsrX.VaVgm','Admin','2016-12-07 19:39:22','2016-12-07 19:39:22',NULL),(33,'janani.swaminathan@colorado.edu','$2a$05$BsVVvjMx2gN.kp1zhFjZyuhGxCK8.G7tGCk/Y8J0DqfYbrkueDcG.','Student','2016-12-07 19:49:41','2016-12-07 19:49:41',NULL),(34,'anvitha.reddy@colorado.edu','$2a$05$e2BIsXdtr7eQGv8laATljerZ6vjQv3M1FpIKoJdgIZ0ELKZcHpp4K','Student','2016-12-07 19:52:52','2016-12-07 19:52:52',NULL),(35,'lakshmi.prabha@colorado.edu','$2a$05$htPAzSxxC79ute817aheAexdU33Vz.ZFoH/R9oIC9v5kRvZXzr7/6','Student','2016-12-07 19:57:52','2016-12-07 19:57:52',NULL);
/*!40000 ALTER TABLE `users` ENABLE KEYS */;
UNLOCK TABLES;
/*!40103 SET TIME_ZONE=@OLD_TIME_ZONE */;

/*!40101 SET SQL_MODE=@OLD_SQL_MODE */;
/*!40014 SET FOREIGN_KEY_CHECKS=@OLD_FOREIGN_KEY_CHECKS */;
/*!40014 SET UNIQUE_CHECKS=@OLD_UNIQUE_CHECKS */;
/*!40101 SET CHARACTER_SET_CLIENT=@OLD_CHARACTER_SET_CLIENT */;
/*!40101 SET CHARACTER_SET_RESULTS=@OLD_CHARACTER_SET_RESULTS */;
/*!40101 SET COLLATION_CONNECTION=@OLD_COLLATION_CONNECTION */;
/*!40111 SET SQL_NOTES=@OLD_SQL_NOTES */;

-- Dump completed on 2016-12-07 21:16:30
